-- phpMyAdmin SQL Dump
-- version 5.2.1
-- https://www.phpmyadmin.net/
--
-- Host: 127.0.0.1
-- Generation Time: Feb 28, 2023 at 07:13 PM
-- Server version: 10.4.24-MariaDB
-- PHP Version: 8.1.6

SET SQL_MODE = "NO_AUTO_VALUE_ON_ZERO";
START TRANSACTION;
SET time_zone = "+00:00";


/*!40101 SET @OLD_CHARACTER_SET_CLIENT=@@CHARACTER_SET_CLIENT */;
/*!40101 SET @OLD_CHARACTER_SET_RESULTS=@@CHARACTER_SET_RESULTS */;
/*!40101 SET @OLD_COLLATION_CONNECTION=@@COLLATION_CONNECTION */;
/*!40101 SET NAMES utf8mb4 */;

--
-- Database: `nday_login`
--

-- --------------------------------------------------------

--
-- Table structure for table `user`
--

CREATE TABLE `user` (
  `id` int(11) NOT NULL,
  `name` varchar(128) NOT NULL,
  `email` varchar(128) NOT NULL,
  `image` varchar(128) NOT NULL,
  `password` varchar(256) NOT NULL,
  `role_id` int(11) NOT NULL,
  `is_active` int(1) NOT NULL,
  `date_created` int(11) NOT NULL
) ENGINE=InnoDB DEFAULT CHARSET=utf8;

--
-- Dumping data for table `user`
--

INSERT INTO `user` (`id`, `name`, `email`, `image`, `password`, `role_id`, `is_active`, `date_created`) VALUES
(1, 'Nurul Hidayah', 'nurulhidayyah45@gmail.com', 'Nurul_Hidayah.png', '$2y$10$4MiA9ESpTtbMth5hN/nvKOEAMj1TzcEf7ic2LVp6HgNjb4mb4uZHS', 1, 1, 1677455671),
(18, 'Paik Hidayah', 'paikhidayah@gmail.com', 'default.jpg', '$2y$10$qeX2AHQRR.YCKcWSaYO5DedRhwM1pnpOz2AGB1yHvtz1EC9ZAtED.', 2, 1, 1677517802),
(20, 'Humanika', 'humanikaunbaja@gmail.com', 'default.jpg', '$2y$10$8jFK.itkfD.hexm5cJRcge0iOD3Nz0ozIaA35qlvzpRN5oSlZPvxa', 2, 1, 1677584215);

-- --------------------------------------------------------

--
-- Table structure for table `user_access_menu`
--

CREATE TABLE `user_access_menu` (
  `id` int(11) NOT NULL,
  `role_id` int(11) NOT NULL,
  `menu_id` int(11) NOT NULL
) ENGINE=InnoDB DEFAULT CHARSET=utf8;

--
-- Dumping data for table `user_access_menu`
--

INSERT INTO `user_access_menu` (`id`, `role_id`, `menu_id`) VALUES
(1, 1, 1),
(3, 2, 2),
(7, 1, 3),
(10, 1, 2);

-- --------------------------------------------------------

--
-- Table structure for table `user_menu`
--

CREATE TABLE `user_menu` (
  `id` int(11) NOT NULL,
  `menu` varchar(128) NOT NULL
) ENGINE=InnoDB DEFAULT CHARSET=utf8;

--
-- Dumping data for table `user_menu`
--

INSERT INTO `user_menu` (`id`, `menu`) VALUES
(1, 'Admin'),
(2, 'User'),
(3, 'Menu');

-- --------------------------------------------------------

--
-- Table structure for table `user_role`
--

CREATE TABLE `user_role` (
  `id` int(11) NOT NULL,
  `role` varchar(128) NOT NULL
) ENGINE=InnoDB DEFAULT CHARSET=utf8;

--
-- Dumping data for table `user_role`
--

INSERT INTO `user_role` (`id`, `role`) VALUES
(1, 'Administrator'),
(2, 'Member');

-- --------------------------------------------------------

--
-- Table structure for table `user_sub_menu`
--

CREATE TABLE `user_sub_menu` (
  `id` int(11) NOT NULL,
  `menu_id` int(11) NOT NULL,
  `title` varchar(128) NOT NULL,
  `url` varchar(128) NOT NULL,
  `icon` varchar(128) NOT NULL,
  `is_active` int(1) NOT NULL
) ENGINE=InnoDB DEFAULT CHARSET=utf8;

--
-- Dumping data for table `user_sub_menu`
--

INSERT INTO `user_sub_menu` (`id`, `menu_id`, `title`, `url`, `icon`, `is_active`) VALUES
(1, 1, 'Dashboard', 'admin', 'fas fa-fw fa-tachometer-alt', 1),
(2, 2, 'My Profile', 'user', 'fas fa-fw fa-user', 1),
(3, 2, 'Edit Profile', 'user/edit', 'fas fa-fw fa-user-edit', 1),
(4, 3, 'Menu Management', 'menu', 'fas fa-fw fa-folder', 1),
(5, 3, 'Submenu Management', 'menu/submenu', 'fas fa-fw fa-folder-open', 1),
(7, 1, 'Role', 'admin/role', 'fas fa-fw fa-user-tie', 1),
(8, 2, 'Change Password', 'user/changepassword', 'fas fa-fw fa-key', 1);

-- --------------------------------------------------------

--
-- Table structure for table `user_token`
--

CREATE TABLE `user_token` (
  `id` int(11) NOT NULL,
  `email` varchar(128) NOT NULL,
  `token` varchar(128) NOT NULL,
  `date_created` int(11) NOT NULL
) ENGINE=InnoDB DEFAULT CHARSET=utf8;

--
-- Indexes for dumped tables
--

--
-- Indexes for table `user`
--
ALTER TABLE `user`
  ADD PRIMARY KEY (`id`);

--
-- Indexes for table `user_access_menu`
--
ALTER TABLE `user_access_menu`
  ADD PRIMARY KEY (`id`);

--
-- Indexes for table `user_menu`
--
ALTER TABLE `user_menu`
  ADD PRIMARY KEY (`id`);

--
-- Indexes for table `user_role`
--
ALTER TABLE `user_role`
  ADD PRIMARY KEY (`id`);

--
-- Indexes for table `user_sub_menu`
--
ALTER TABLE `user_sub_menu`
  ADD PRIMARY KEY (`id`);

--
-- Indexes for table `user_token`
--
ALTER TABLE `user_token`
  ADD PRIMARY KEY (`id`);

--
-- AUTO_INCREMENT for dumped tables
--

--
-- AUTO_INCREMENT for table `user`
--
ALTER TABLE `user`
  MODIFY `id` int(11) NOT NULL AUTO_INCREMENT, AUTO_INCREMENT=21;

--
-- AUTO_INCREMENT for table `user_access_menu`
--
ALTER TABLE `user_access_menu`
  MODIFY `id` int(11) NOT NULL AUTO_INCREMENT, AUTO_INCREMENT=11;

--
-- AUTO_INCREMENT for table `user_menu`
--
ALTER TABLE `user_menu`
  MODIFY `id` int(11) NOT NULL AUTO_INCREMENT, AUTO_INCREMENT=5;

--
-- AUTO_INCREMENT for table `user_role`
--
ALTER TABLE `user_role`
  MODIFY `id` int(11) NOT NULL AUTO_INCREMENT, AUTO_INCREMENT=3;

--
-- AUTO_INCREMENT for table `user_sub_menu`
--
ALTER TABLE `user_sub_menu`
  MODIFY `id` int(11) NOT NULL AUTO_INCREMENT, AUTO_INCREMENT=9;

--
-- AUTO_INCREMENT for table `user_token`
--
ALTER TABLE `user_token`
  MODIFY `id` int(11) NOT NULL AUTO_INCREMENT, AUTO_INCREMENT=19;
COMMIT;

/*!40101 SET CHARACTER_SET_CLIENT=@OLD_CHARACTER_SET_CLIENT */;
/*!40101 SET CHARACTER_SET_RESULTS=@OLD_CHARACTER_SET_RESULTS */;
/*!40101 SET COLLATION_CONNECTION=@OLD_COLLATION_CONNECTION */;
